﻿<?xml version="1.0" encoding="utf-8" ?>
<root>
  <output path="..\Scripts\js\app\init.min.js">
    <input path="..\Scripts\js\app\init.js"/>
  </output>
  <output path="..\Scripts\js\app\login.min.js">
    <input path="..\Scripts\js\app\login.js"/>
  </output>
  <output path="..\Scripts\js\app\scrutinizerDashboard.min.js">
    <input path="..\Scripts\js\app\scrutinizerDashboard.js"/>
  </output>
  <output path="..\Scripts\js\app\registration.min.js">
    <input path="..\Scripts\js\app\registration.js"/>
  </output>
  <output path="..\Scripts\js\app\scrutinizerChangePassword.min.js">
    <input path="..\Scripts\js\app\scrutinizerChangePassword.js"/>
  </output>
  <output path="..\Scripts\js\app\constructionServicesPreview.min.js">
    <input path="..\Scripts\js\app\constructionServicesPreview.js"/>
  </output>
  <output path="..\Scripts\js\app\constructionServices.min.js">
    <input path="..\Scripts\js\app\constructionServices.js"/>
  </output>
  <output path="..\Scripts\js\app\PrintQRCode.min.js">
    <input path="..\Scripts\js\app\PrintQRCode.js"/>
  </output>
  <output path="..\Scripts\js\app\changePassword.min.js">
    <input path="..\Scripts\js\app\changePassword.js"/>
  </output>
  <output path="..\Scripts\js\app\citizenDashboard.min.js">
    <input path="..\Scripts\js\app\citizenDashboard.js"/>
  </output>
  <output path="..\Scripts\lib\sessionAlive\initSessionAlive.min.js">
    <input path="..\Scripts\lib\sessionAlive\initSessionAlive.js"/>
  </output>
  <output path="..\Scripts\lib\sessionAlive\bootstrap-session-timeout.min.js">
    <input path="..\Scripts\lib\sessionAlive\bootstrap-session-timeout.js"/>
  </output>
  <output path="..\Scripts\js\common.min.js">
    <input path="..\Scripts\js\common.js"/>
  </output>
</root>