﻿<?xml version="1.0" encoding="utf-8"?>
<publishData>
  <publishProfile publishUrl="C:\inetpub\wwwroot\AMS" deleteExistingFiles="False" ftpAnonymousLogin="False" ftpPassiveMode="True" msdeploySite="" msdeploySiteID="" msdeployRemoteSitePhysicalPath="" msdeployAllowUntrustedCertificate="False" msdeploySkipExtraFilesOnServer="True" msdeployMarkAsApp="False" profileName="Profile1" publishMethod="FPSE" replaceMatchingFiles="True" userName="" savePWD="False" userPWD="" SelectedForPublish="False" />
  <publishProfile publishUrl="C:\inetpub\wwwroot\AMS" deleteExistingFiles="True" ftpAnonymousLogin="False" ftpPassiveMode="True" msdeploySite="" msdeploySiteID="" msdeployRemoteSitePhysicalPath="" msdeployAllowUntrustedCertificate="False" msdeploySkipExtraFilesOnServer="True" msdeployMarkAsApp="False" profileName="Profile2" publishMethod="FileSystem" replaceMatchingFiles="False" userName="" savePWD="False" userPWD="" SelectedForPublish="False" />
  <publishProfile publishUrl="C:\inetpub\wwwroot\RollCall" deleteExistingFiles="True" ftpAnonymousLogin="False" ftpPassiveMode="True" msdeploySite="Default Web Site/RollCall" msdeploySiteID="" msdeployRemoteSitePhysicalPath="" msdeployAllowUntrustedCertificate="False" msdeploySkipExtraFilesOnServer="True" msdeployMarkAsApp="True" profileName="Local" publishMethod="FileSystem" replaceMatchingFiles="False" userName="" savePWD="False" userPWD="" SelectedForPublish="True">
    <file relUrl="Reports/Templates/crptLatePass.rpt" publishTime="03/06/2012 01:28:01" />
    <file relUrl="Default1.aspx" publishTime="02/16/2012 08:05:18" />
    <file relUrl="Reports/DataSets/dsLatePass.xsd" publishTime="05/27/2013 02:22:51" />
    <file relUrl="Reports/Templates/rpt_DailyAttendance.rpt" publishTime="05/15/2012 12:01:50" />
    <file relUrl="StudentAttendance/StudentAttendance.aspx" publishTime="02/13/2013 19:41:46" />
    <file relUrl="WebServies/AMSService.asmx" publishTime="02/09/2012 04:50:52" />
    <file relUrl="Styles/Site.css" publishTime="01/28/2012 08:00:50" />
    <file relUrl="bin/AMS.Web.pdb" publishTime="09/12/2013 15:30:55" />
    <file relUrl="StudentAttendance/Evacuation.aspx" publishTime="05/29/2012 01:23:15" />
    <file relUrl="Web.config" publishTime="09/12/2013 15:31:01" />
    <file relUrl="Images/wh_arrow.png" publishTime="01/29/2012 06:35:14" />
    <file relUrl="bin/Microsoft.Practices.Unity.dll" publishTime="06/29/2011 18:36:54" />
    <file relUrl="Reports/Templates/rptDailyAttendance.rpt" publishTime="03/11/2012 18:37:16" />
    <file relUrl="Reports/LatePassView.aspx" publishTime="02/12/2012 00:00:06" />
    <file relUrl="bin/Microsoft.Practices.ObjectBuilder2.dll" publishTime="06/29/2011 18:36:54" />
    <file relUrl="Styles/stylesheet-orig.css" publishTime="01/14/2012 14:55:20" />
    <file relUrl="Reports/Templates/AttendanceReportView.aspx" publishTime="05/27/2012 16:24:15" />
    <file relUrl="Images/Calendar_scheduleHS.png" publishTime="08/20/2008 21:57:34" />
    <file relUrl="MasterPages/AMS.Master" publishTime="02/02/2012 07:38:14" />
    <file relUrl="Global.asax" publishTime="01/28/2012 08:00:50" />
    <file relUrl="StudentAttendance/StatsReport.aspx" publishTime="05/19/2013 03:50:43" />
    <file relUrl="Account/Register.aspx" publishTime="01/28/2012 08:00:50" />
    <file relUrl="bin/AjaxControlToolkit.dll" publishTime="11/16/2011 21:21:58" />
    <file relUrl="StudentAttendance/ReportingCriteria.aspx" publishTime="04/15/2013 01:16:57" />
    <file relUrl="Styles/academium-symbols-webfont.ttf" publishTime="03/04/2012 03:37:58" />
    <file relUrl="Scripts/jquery-1.4.1.min.js" publishTime="01/28/2012 08:00:50" />
    <file relUrl="Security/Default.aspx" publishTime="09/04/2012 22:12:09" />
    <file relUrl="StudentAttendance/LatePass.aspx" publishTime="05/27/2013 02:14:54" />
    <file relUrl="Scripts/jquery-1.4.1.js" publishTime="01/28/2012 08:00:50" />
    <file relUrl="Styles/css.css" publishTime="05/29/2012 02:28:45" />
    <file relUrl="Styles/stylesheet.css" publishTime="01/29/2012 06:33:16" />
    <file relUrl="Images/bg_toolbar.png" publishTime="01/29/2012 06:35:14" />
    <file relUrl="Styles/AdminStyle.css" publishTime="05/29/2012 00:59:28" />
    <file relUrl="Reports/Templates/rptAbsentees.rpt" publishTime="03/14/2012 04:07:44" />
    <file relUrl="Scripts/jquery-1.4.1-vsdoc.js" publishTime="01/28/2012 08:00:50" />
    <file relUrl="bin/AMS.DataAccess.dll" publishTime="09/12/2013 15:30:53" />
    <file relUrl="Scripts/tappable.js" publishTime="04/04/2012 23:18:59" />
    <file relUrl="Styles/mobile1.css" publishTime="03/10/2012 19:31:13" />
    <file relUrl="Images/full_avatar.jpg" publishTime="02/17/2012 12:54:46" />
    <file relUrl="bin/AMS.DataAccess.pdb" publishTime="09/12/2013 15:30:53" />
    <file relUrl="Site.Master" publishTime="01/28/2012 08:00:50" />
    <file relUrl="Images/min_avatar.jpg" publishTime="01/29/2012 06:35:14" />
    <file relUrl="Styles/css-Orig.css" publishTime="03/10/2012 09:17:30" />
    <file relUrl="Images/SuhailShahab.jpg" publishTime="01/30/2012 10:47:34" />
    <file relUrl="About.aspx" publishTime="02/20/2012 15:29:32" />
    <file relUrl="Scripts/sparklines.js" publishTime="03/10/2012 05:18:04" />
    <file relUrl="Styles/bg_toolbar.png" publishTime="01/30/2012 08:05:30" />
    <file relUrl="Images/logo.png" publishTime="01/29/2012 07:17:30" />
    <file relUrl="bin/AMS.Web.dll" publishTime="09/12/2013 15:30:55" />
    <file relUrl="Reports/StudentRpt.aspx" publishTime="11/25/2012 20:08:43" />
    <file relUrl="bin/Microsoft.Practices.EnterpriseLibrary.Common.dll" publishTime="06/29/2011 18:36:54" />
    <file relUrl="Account/ChangePassword.aspx" publishTime="01/28/2012 08:00:50" />
    <file relUrl="Account/Web.config" publishTime="02/11/2012 20:44:30" />
    <file relUrl="Styles/EvacStyle.css" publishTime="05/29/2012 01:23:06" />
    <file relUrl="Students/CreateStudent.aspx" publishTime="05/08/2013 01:53:08" />
    <file relUrl="Reports/Templates/rptStudentAbsentLateCount.rpt" publishTime="03/23/2012 00:51:26" />
    <file relUrl="Images/br_arrow.png" publishTime="01/29/2012 06:35:14" />
    <file relUrl="bin/AMS.Business.pdb" publishTime="09/12/2013 15:30:53" />
    <file relUrl="Scripts/SafariAjaxPatch.js" publishTime="02/05/2012 19:28:58" />
    <file relUrl="bin/AMS.BusinessEntities.dll" publishTime="09/12/2013 15:30:52" />
    <file relUrl="Account/Login.aspx" publishTime="01/28/2012 08:00:50" />
    <file relUrl="bin/AMS.Business.dll" publishTime="09/12/2013 15:30:53" />
    <file relUrl="Account/ChangePasswordSuccess.aspx" publishTime="01/28/2012 08:00:50" />
    <file relUrl="Reports/studentRpt1.aspx" publishTime="11/25/2012 19:10:39" />
    <file relUrl="bin/AMS.BusinessEntities.pdb" publishTime="09/12/2013 15:30:52" />
    <file relUrl="Messaging/StudentSMS.aspx" publishTime="09/04/2012 19:42:11" />
    <file relUrl="Images/bg_br.png" publishTime="01/29/2012 06:35:14" />
    <file relUrl="bin/Styles/academium-symbols-webfont.ttf" publishTime="03/04/2012 03:37:58" />
    <file relUrl="iPhoneApp/StudentAttendance.aspx" publishTime="03/04/2012 03:48:53" />
    <file relUrl="bin/Microsoft.Practices.EnterpriseLibrary.Data.dll" publishTime="06/29/2011 18:36:54" />
  </publishProfile>
</publishData>